Grup Professional,Treballadors,Sou_Mig,Edat_Mediana
Grup A,490,1213.3242857142857,50.0
Grup B,318,1724.5500943396228,47.0
Grup C,137,2289.1927007299273,51.0
Grup D,55,3100.8174545454544,43.0
